"","tractce10","lon","lat","conservation","roofs_2012"
"1",842400,-87.630040043398,41.7424747606526,0,2
"2",840300,-87.6818821924661,41.8320943033406,0,0
"3",841100,-87.6350978321049,41.8510057488349,0,0
"4",841200,-87.6833419526921,41.8555618464282,0,0
"5",839000,-87.6314045147943,41.8710441511609,0,5
"6",838200,-87.6750793722096,41.8704157348972,0,2
"7",650301,-87.7299916336997,41.7749275343852,0,0
"8",530503,-87.6374122599603,41.6635978179703,0,0
"9",760803,-87.8441544966416,41.975346327391,0,0
"10",30601,-87.6549360983044,41.9888863515274,1,0
"11",30604,-87.6527316851449,41.9859193248886,1,1
"12",20801,-87.6944148717502,41.9868081349941,1,0
"13",540102,-87.6054485711245,41.6673314610479,0,0
"14",843300,-87.6925502523747,41.8637637465524,0,1
"15",540101,-87.5997932914187,41.6502203167921,0,0
"16",440201,-87.6100746334004,41.7482100576371,0,0
"17",80202,-87.6309005268,41.9058597222256,1,0
"18",70102,-87.6422020311577,41.930582857673,1,0
"19",31501,-87.6524500295368,41.9672852596565,1,0
"20",31502,-87.652365568209,41.9636326277758,1,0
"21",834900,-87.6567344459356,41.7722940340769,0,0
"22",834800,-87.6450878691814,41.7836302310483,0,0
"23",160502,-87.7130876471545,41.9555841216796,0,0
"24",140702,-87.7135752872938,41.9635482117236,0,0
"25",842000,-87.625170395816,41.8349599314675,0,0
"26",150402,-87.7720436080046,41.9567979297967,0,0
"27",834400,-87.5963096685092,41.7769447758759,0,0
"28",40201,-87.69400050746,41.9725804330687,1,1
"29",40202,-87.6940960099575,41.9798548915337,1,0
"30",20702,-87.7053882136859,41.9952889526069,1,0
"31",20802,-87.694630598168,41.9940592097168,1,0
"32",20301,-87.7051864879717,42.0068651019626,1,1
"33",838700,-87.7201851070414,41.8625774977548,0,0
"34",20601,-87.7018024545012,42.0008745963931,1,0
"35",841500,-87.7079132001707,41.8616224314123,0,0
"36",838600,-87.7008236266999,41.8678232921778,0,0
"37",837300,-87.7055523826467,41.8716190664386,0,0
"38",20602,-87.6936372806316,42.001315568476,1,0
"39",63301,-87.6430241752781,41.9345408816792,1,0
"40",837800,-87.6841274332521,41.884750116412,0,3
"41",837400,-87.6938012591124,41.87597448516,0,0
"42",836900,-87.7061361839251,41.8818830856932,0,0
"43",20302,-87.694963411473,42.0085406242781,1,0
"44",20902,-87.6786971027677,41.9942499220776,1,1
"45",10701,-87.6786203277,42.0091481103191,1,0
"46",30103,-87.6546954414555,41.9953804639321,1,0
"47",63303,-87.6346613035142,41.9347311603407,1,0
"48",30102,-87.6551319058358,41.9933967023306,1,0
"49",10502,-87.663327461637,42.0045170954267,1,0
"50",10503,-87.6631269138724,42.0003200375205,1,1
"51",10702,-87.6727257152491,42.0090199413986,1,0
"52",837100,-87.698720992796,41.8856737095455,0,0
"53",837000,-87.6986738735286,41.8783232837079,0,0
"54",10201,-87.6801485290353,42.0160075633226,1,0
"55",20901,-87.6860850880134,41.9942355345244,1,0
"56",40401,-87.686081604305,41.9720666830003,1,0
"57",210602,-87.7125728382221,41.9341668838657,0,1
"58",160501,-87.712973161933,41.9592098423002,0,0
"59",191302,-87.7705333682008,41.9202288695152,0,0
"60",190602,-87.7707370656714,41.9275603630321,0,0
"61",840200,-87.6491914950238,41.8445747589392,0,0
"62",530501,-87.6321659633233,41.6742779791191,0,0
"63",20701,-87.7036896704729,41.9868915177175,1,2
"64",831400,-87.7560884084294,41.8691188161863,0,2
"65",831300,-87.7442596071055,41.9077661438856,0,1
"66",10501,-87.6639581035369,42.0094117049704,1,0
"67",833000,-87.6572424782837,41.8852883142334,0,1
"68",760801,-87.8448471495024,41.9834847899905,0,0
"69",252101,-87.7695725299784,41.8754875673616,0,0
"70",252102,-87.7598115670224,41.8765922511382,0,1
"71",252202,-87.7445832277309,41.8767584053291,0,0
"72",220601,-87.7128836338551,41.925825234437,0,1
"73",210502,-87.7220524377063,41.9337846402307,0,0
"74",220602,-87.7119813443514,41.9293311706699,0,0
"75",220901,-87.721248280115,41.9191816423228,0,0
"76",220902,-87.7218357320077,41.9227112063496,0,0
"77",200401,-87.7375419010748,41.9198284684583,0,0
"78",200402,-87.7296789447278,41.9196348157274,0,0
"79",191301,-87.7802654519413,41.9201521521057,0,0
"80",190601,-87.780460606122,41.9274145873259,0,0
"81",190701,-87.761421669655,41.9297959331609,0,0
"82",190702,-87.761039548869,41.9261630560429,0,0
"83",190401,-87.780952362447,41.9347276482051,0,1
"84",190402,-87.7712317692072,41.9348596019533,0,0
"85",832100,-87.6532412725297,41.9528214463408,0,0
"86",843800,-87.6404755733382,41.8016565945964,0,0
"87",842800,-87.6983044024263,41.8075339302962,0,1
"88",351500,-87.6277462413009,41.8272741782093,0,0
"89",980100,-87.7509615809583,41.7859900975604,0,0
"90",833300,-87.6541250707542,41.8716913447213,0,2
"91",832900,-87.6618908190756,41.8741753457988,0,0
"92",838000,-87.680650164138,41.8773642467257,0,1
"93",838100,-87.671680546218,41.8786651394447,0,0
"94",30706,-87.6516051562679,41.9802351497431,1,1
"95",381500,-87.6228619243788,41.8101927137826,0,0
"96",833100,-87.6570454021462,41.8790768342599,0,6
"97",839100,-87.6327464004859,41.881026690288,0,12
"98",81201,-87.6262120435595,41.8991537818084,1,8
"99",150401,-87.7722648044519,41.9645676041443,0,0
"100",150501,-87.7819638191751,41.9644762289559,0,0
"101",843000,-87.7227523350925,41.8679352455898,0,1
"102",842900,-87.6729378964105,41.8631388494757,0,1
"103",842100,-87.7336103181743,41.8952784636647,0,0
"104",841900,-87.6429685982978,41.867892011174,0,4
"105",80201,-87.631005431999,41.9094984373794,1,2
"106",70101,-87.6325582106198,41.9304639916667,1,1
"107",81202,-87.6218108480448,41.9061375674991,1,1
"108",40402,-87.6788180487208,41.9725449695342,1,1
"109",220702,-87.7242313440438,41.9293687093217,0,0
"110",140301,-87.7231695064279,41.9692055473855,0,0
"111",842200,-87.6498856136532,41.9049337565231,0,7
"112",843700,-87.6907876281301,41.9448261272681,0,1
"113",835000,-87.6860492268939,41.7828494930967,0,0
"114",842300,-87.6560649085837,41.9022002053062,0,3
"115",230200,-87.7100949477197,41.9118821154249,0,1
"116",835100,-87.6862480413789,41.7901576095319,0,0
"117",834700,-87.6450333681731,41.7906902708871,0,0
"118",151001,-87.7543526961285,41.9423826034128,0,0
"119",151002,-87.7471553855562,41.9424917373234,0,0
"120",160602,-87.7006347845937,41.9560929695156,0,0
"121",140601,-87.7258908708273,41.9646471271803,0,0
"122",140701,-87.7126524650542,41.9670374979383,0,0
"123",140602,-87.7210165809407,41.9646520390785,0,1
"124",390500,-87.5991987303387,41.8059781068537,0,0
"125",841800,-87.5994213151934,41.7663063429605,0,2
"126",842500,-87.6232157117153,41.7769504743625,0,0
"127",842600,-87.6516951142809,41.8162185653357,0,1
"128",843500,-87.6967544828023,41.8382144051657,0,0
"129",843400,-87.7320214966012,41.8493272345381,0,0
"130",140302,-87.7237891341325,41.9725485068791,0,0
"131",110501,-87.7619249166349,41.977002331038,0,0
"132",390400,-87.6040581877781,41.8059243035729,0,0
"133",843200,-87.6633957310311,41.8474396908745,0,0
"134",840800,-87.7073710034995,41.8408329122508,0,0
"135",110502,-87.7598503781367,41.9702866466742,0,0
"136",760802,-87.8472156323329,41.957829885877,0,0
"137",150502,-87.7818413510824,41.9567784240226,0,0
"138",843100,-87.7007123657287,41.8607499556069,0,0
"139",834300,-87.5917741663522,41.7458443770948,0,1
"140",843900,-87.5760169861062,41.776599291335,0,2
"141",831200,-87.7322503353761,41.9153188977276,0,0
"142",831600,-87.7976147503459,41.9256104940884,0,0
"143",831500,-87.7880224267626,41.9276413724463,0,2
"144",831100,-87.7174955531449,41.9428558802317,0,2
"145",831700,-87.7452550785989,41.9526505928522,0,0
"146",271500,-87.7131559089728,41.8717861245655,0,0
"147",440202,-87.60976204005,41.7409598661527,0,1
"148",440102,-87.6011636183494,41.7409356032216,0,1
"149",430102,-87.5616340600327,41.7693825433077,0,0
"150",30702,-87.6548217002675,41.9806893987291,1,0
"151",30603,-87.6583978670123,41.9854762216786,1,0
"152",30701,-87.657965860794,41.9827452914809,1,1
"153",836300,-87.6017584238203,41.8015323417537,0,0
"154",838300,-87.6384038399199,41.9015665435149,0,0
"155",839800,-87.6431623248134,41.8350673667205,0,0
"156",836600,-87.7088058670461,41.8986973010144,0,0
"157",730202,-87.6485414701032,41.7264114443668,0,0
"158",430101,-87.5739529071401,41.769826379045,0,0
"159",63302,-87.6398539746667,41.9347646695283,1,0
"160",836200,-87.6012847500045,41.7904691323081,0,4
"161",71400,-87.629405899429,41.9221531769677,1,4
"162",840100,-87.6392002761914,41.8418680129057,0,0
"163",580502,-87.6993102174899,41.8145617058793,0,0
"164",841400,-87.7144106547938,41.8533098809101,0,0
"165",81401,-87.6197520088589,41.8950390614177,1,6
"166",81403,-87.6099676085103,41.8919083053226,1,7
"167",30703,-87.6578707878647,41.9788748363074,1,0
"168",836000,-87.6116843482843,41.8140035659778,0,0
"169",835800,-87.6187191653027,41.8130461765088,0,0
"170",835900,-87.6214988685038,41.8201664085,0,0
"171",834500,-87.6247358901293,41.788082251126,0,0
"172",843600,-87.6089488195909,41.8067653092775,0,0
"173",580501,-87.6994961532222,41.81998598347,0,0
"174",834600,-87.634305673613,41.7872464457319,0,0
"175",831800,-87.7164527092653,41.9782332686486,0,1
"176",71600,-87.6411828021369,41.9164725282339,1,0
"177",832600,-87.6540550801825,41.9147491871275,0,1
"178",61901,-87.6434599110261,41.943236675652,1,0
"179",839900,-87.6487068393337,41.8271229674945,0,2
"180",30104,-87.6556425245962,41.9972772870414,1,0
"181",770602,-87.9044878333049,42.0123904664145,0,0
"182",839700,-87.6523570617945,41.8330798940315,0,0
"183",835200,-87.7452866124581,41.7966436555295,0,0
"184",833900,-87.5477992097618,41.7318649294992,0,0
"185",836800,-87.7138625099285,41.8850448666572,0,0
"186",838800,-87.5723193065835,41.6835082196481,0,0
"187",836700,-87.7021746901944,41.8917041051491,0,2
"188",832200,-87.679972899469,41.9204779103294,0,2
"189",252201,-87.752105109093,41.876695804393,0,1
"190",831000,-87.6769993812815,41.91478772506,0,0
"191",832400,-87.6922564863783,41.9157411198924,0,1
"192",70103,-87.6426051488333,41.9268109763708,1,0
"193",220701,-87.7215650632372,41.9261554084507,0,0
"194",841600,-87.7076032371344,41.8553771459801,0,0
"195",770902,-87.8361839827677,41.9700657330182,0,0
"196",660301,-87.6982872378824,41.7799540794058,0,0
"197",660302,-87.6983926273274,41.7835956825436,0,0
"198",301802,-87.7277591632837,41.8451846013699,0,0
"199",834000,-87.6294983666872,41.7275357511166,0,0
"200",834200,-87.5836069094962,41.7555676001216,0,1
"201",730201,-87.6579113581357,41.7268300518839,0,0
"202",835500,-87.6325418947968,41.8163538755432,0,0
"203",839500,-87.6192895301054,41.8340973797695,0,0
"204",839200,-87.6220359599092,41.8420106663268,0,0
"205",530502,-87.6266737896408,41.6648047764957,0,0
"206",840400,-87.6676794968081,41.8338478510142,0,1
"207",841000,-87.6173866640216,41.848448676148,0,4
"208",30101,-87.6546677495734,41.991270713564,1,0
"209",700302,-87.7313064328706,41.7383651880246,0,0
"210",700402,-87.7118234080756,41.7382302038983,0,0
"211",700401,-87.7120354916434,41.7455371537203,0,0
"212",830500,-87.7239513279983,41.8300655325993,0,0
"213",841700,-87.7041818283835,41.8531301683992,0,0
"214",640100,-87.7399954134188,41.7820943103336,0,0
"215",840700,-87.694266544709,41.8529302079209,0,0
"216",841300,-87.6830309657031,41.8440831775795,0,0
"217",301801,-87.7350491977893,41.8416616925104,0,0
"218",60800,-87.6437631608345,41.9538479464772,1,0
"219",832300,-87.6714488441482,41.9192069627033,0,2
"220",832500,-87.6641184380092,41.9218777742079,0,2
"221",832000,-87.6542981646883,41.9462941088909,0,1
"222",160601,-87.7021491117493,41.959531570485,0,0
"223",210501,-87.7223301407161,41.9374013125666,0,2
"224",210601,-87.7122139847398,41.9376356398626,0,0
"225",81300,-87.6207531481917,41.8983354004391,1,1
"226",700502,-87.6887682679691,41.7388521584183,0,0
"227",836100,-87.6186826412434,41.7998051791088,0,1
"228",835700,-87.6275977815832,41.8128443176854,0,6
"229",61100,-87.656803491609,41.9491397489476,1,0
"230",836400,-87.5958325087507,41.8211751491791,0,0
"231",836500,-87.6006379516055,41.8282770375087,0,0
"232",839600,-87.6192494635654,41.8274411052344,0,0
"233",840000,-87.638298878422,41.8311661705079,0,0
"234",835600,-87.6322013007712,41.801835146781,0,0
"235",830800,-87.6765774945755,41.9651412662387,0,0
"236",460301,-87.5563644937571,41.7400278389929,0,0
"237",301701,-87.7196253889005,41.8424805461353,0,0
"238",310400,-87.6522612788901,41.8565068686593,0,0
"239",530100,-87.6179394953351,41.6818522425724,0,0
"240",81100,-87.6291090044113,41.9002064997211,1,1
"241",150700,-87.7619580289418,41.9495915330561,0,1
"242",301702,-87.719524400201,41.8388061871301,0,0
"243",700301,-87.7317116576314,41.7456224714788,0,1
"244",490902,-87.6153262260482,41.7032800836919,0,0
"245",61800,-87.6471131894712,41.9464894926902,1,0
"246",490901,-87.6162676638785,41.6960581914048,0,0
"247",650302,-87.7177493343709,41.7750953125375,0,0
"248",831900,-87.6687906528268,41.9451690350972,0,0
"249",830600,-87.6735737807672,42.0016979854285,0,1
"250",830900,-87.6853727590746,41.9286296954826,0,1
"251",830700,-87.6591717036945,41.9609724592608,0,3
"252",300900,-87.7026992699607,41.8481795894296,0,0
"253",700501,-87.6903422410364,41.7462132710157,0,1
"254",460302,-87.5573904708206,41.7470862379422,0,0
"255",431302,-87.562785923271,41.7583854545923,0,0
"256",222900,-87.7200743986962,41.9155643534834,0,0
"257",431301,-87.5601863343233,41.7535302254979,0,0
"258",440101,-87.6013946083091,41.7486349108787,0,0
"259",301803,-87.7278708388421,41.8395496976581,0,0
"260",310200,-87.6442092398778,41.8563085124314,0,0
"261",310300,-87.6489803678999,41.856139794013,0,2
"262",310500,-87.6547525224362,41.8552251076931,0,0
"263",510300,-87.5749725776755,41.7157376373162,0,2
"264",491400,-87.6168214714549,41.6891232425741,0,0
"265",500200,-87.600302363854,41.7008557652592,0,0
"266",530200,-87.6323954025481,41.6815612391502,0,0
"267",740100,-87.698608340402,41.6972858840854,0,0
"268",140500,-87.731831896937,41.965361904222,0,0
"269",140800,-87.702775072071,41.9644941771962,0,0
"270",301100,-87.6979662319902,41.8470211546611,0,0
"271",150200,-87.7524130889307,41.9606746749928,0,2
"272",150300,-87.7622858822677,41.9605178732458,0,0
"273",301200,-87.6914770645408,41.8484171023865,0,0
"274",740400,-87.7193158307653,41.6872390963838,0,0
"275",20400,-87.6859126269965,42.008486898946,1,0
"276",640300,-87.7716352722069,41.7815321211134,0,0
"277",640600,-87.7714298391876,41.7760362325441,0,0
"278",10400,-87.657166374938,42.0054398339986,1,2
"279",71800,-87.6459659855749,41.9145854596686,1,1
"280",160300,-87.7308957602867,41.9572681671619,0,0
"281",310700,-87.664906114834,41.8559902742536,0,0
"282",71500,-87.6267627389402,41.9149144496445,1,1
"283",71700,-87.6410717518989,41.9128666229852,1,0
"284",671200,-87.6665822522046,41.7766992496782,0,0
"285",670500,-87.6764043709382,41.7865780195407,0,0
"286",670600,-87.6715771960223,41.783005446859,0,0
"287",670700,-87.6667314586344,41.7830685587898,0,0
"288",670800,-87.6618790104904,41.7831441706867,0,1
"289",670900,-87.6570220028475,41.7832123549581,0,0
"290",671100,-87.6617117653107,41.7767815276752,0,0
"291",671300,-87.6713493238833,41.7739014543598,0,0
"292",671400,-87.676228857942,41.7737920668731,0,0
"293",671500,-87.6696321560545,41.7681721299365,0,1
"294",671600,-87.6615118253316,41.7694998142007,0,0
"295",670100,-87.6572083504956,41.7904936808526,0,0
"296",230500,-87.7339492820132,41.9117235900171,0,0
"297",230600,-87.7339951346019,41.906188999924,0,1
"298",240600,-87.6897092162269,41.9121612588108,0,0
"299",241000,-87.6945344153177,41.907997752103,0,0
"300",191000,-87.7438009885526,41.9192296824757,0,0
"301",80300,-87.6357986429162,41.9074899755053,1,0
"302",300800,-87.7075818013824,41.8481108034579,0,0
"303",650200,-87.7302264524014,41.7822223732437,0,0
"304",660500,-87.7079431922706,41.7752433917034,0,0
"305",221400,-87.6945319976227,41.9208012525483,0,0
"306",161000,-87.7306829238288,41.9499766453295,0,0
"307",340600,-87.6325398409822,41.8274176743568,0,0
"308",240500,-87.6836364999552,41.9119700481945,0,1
"309",240700,-87.6945993681951,41.9121171909951,0,1
"310",240800,-87.699482164817,41.9121057355352,0,0
"311",240900,-87.7018836501082,41.9047420373653,0,0
"312",241100,-87.6895820065867,41.906667246179,0,0
"313",190300,-87.7614634514058,41.9349863874799,0,0
"314",190800,-87.7513623655711,41.9278185982458,0,0
"315",190900,-87.7441048199839,41.9279225349347,0,1
"316",191100,-87.750976331472,41.9196292698895,0,0
"317",191200,-87.7608269396439,41.9201431843831,0,1
"318",80100,-87.6267897622707,41.9075536025644,1,3
"319",80400,-87.6409020987839,41.9074115546213,1,1
"320",81000,-87.6321089280197,41.9002655075711,1,2
"321",150600,-87.771757831765,41.9494730616314,0,0
"322",301600,-87.7122520343078,41.840757155281,0,0
"323",20500,-87.6841982098571,42.0013128853424,1,0
"324",821402,-87.6521327992,41.6622752217394,0,0
"325",750300,-87.6861725593824,41.6953910797874,0,0
"326",640800,-87.7397417635262,41.7748239062985,0,0
"327",750100,-87.6520283184497,41.6958345368492,0,0
"328",740200,-87.7127052259202,41.7047145820782,0,2
"329",650400,-87.7171802763,41.7653246636436,0,0
"330",650500,-87.732057836512,41.7622538507821,0,1
"331",660600,-87.6933405937712,41.7772872802559,0,0
"332",221100,-87.7103608863146,41.9210204873335,0,0
"333",221300,-87.6997540580107,41.9211256156116,0,1
"334",221500,-87.6899513252334,41.9216468402824,0,0
"335",20100,-87.6871153774189,42.0157196485647,1,0
"336",221600,-87.6850967188006,41.9212498520961,0,0
"337",160800,-87.7128145766186,41.950213101217,0,0
"338",160900,-87.7226082323214,41.9500820496627,0,0
"339",222800,-87.715095323145,41.9154348687417,0,0
"340",161100,-87.7381512456978,41.9498770894254,0,0
"341",161200,-87.738570073837,41.9425489095774,0,0
"342",161300,-87.7310023042273,41.9426994022215,0,0
"343",650100,-87.7178561736991,41.7823761796629,0,0
"344",330200,-87.6305353598534,41.8613411477191,0,1
"345",420600,-87.6132776936842,41.7830134820436,0,0
"346",420700,-87.6106932538073,41.7766914159628,0,0
"347",661000,-87.6850446916029,41.7618184921359,0,1
"348",823304,-87.7027707110358,41.6814159997203,0,0
"349",10100,-87.6698441673476,42.0212616539055,1,1
"350",230300,-87.7149889423068,41.9118173029595,0,0
"351",640400,-87.7912474032314,41.781178373014,0,1
"352",640500,-87.7909878767996,41.7756824776584,0,0
"353",640700,-87.7519346797823,41.7764110158736,0,0
"354",151200,-87.7714953462445,41.9421689506555,0,0
"355",310800,-87.6685737433058,41.855933661363,0,0
"356",660400,-87.7080440755846,41.7825320769682,0,0
"357",670400,-87.6717697722237,41.7902996192267,0,0
"358",340400,-87.6320352384491,41.8418849970648,0,0
"359",420800,-87.6032569261071,41.7769097179512,0,0
"360",421200,-87.6089659626267,41.77065691979,0,1
"361",661100,-87.7026881433527,41.7607874278421,0,0
"362",222500,-87.6995963560222,41.9157075394272,0,0
"363",190200,-87.751648927779,41.9351136358799,0,0
"364",390600,-87.594350402626,41.8060180697627,0,0
"365",10300,-87.6665350753443,42.0159407075804,1,0
"366",10600,-87.6676832664689,42.0062783485126,1,0
"367",20200,-87.6995191435023,42.0156903113594,1,0
"368",150800,-87.7521181605265,41.9497085789761,0,0
"369",151100,-87.7617175165892,41.9422903089274,0,0
"370",230100,-87.7043680918031,41.9120285951455,0,0
"371",160100,-87.74279508332,41.9646284145044,0,0
"372",160200,-87.738402081962,41.9587908828875,0,0
"373",160400,-87.7228238519754,41.9573657363357,0,0
"374",310600,-87.65956569038,41.8563347633557,0,2
"375",310900,-87.6746740986404,41.8557716067441,0,0
"376",320400,-87.6173667364916,41.8777214676065,0,3
"377",61500,-87.6615446964741,41.9452817587017,1,0
"378",320600,-87.6168817975877,41.8711375208881,0,4
"379",740300,-87.710723270899,41.6950694010662,0,0
"380",660700,-87.6810954582121,41.7738452122022,0,1
"381",222700,-87.7101913827482,41.9154908475256,0,0
"382",221200,-87.7046499503005,41.9210830593363,0,0
"383",160700,-87.701983313658,41.9504189805683,0,0
"384",222200,-87.6838262037361,41.9159095412319,0,0
"385",340500,-87.6329169336695,41.8345181342889,0,0
"386",330100,-87.6152944400022,41.8593896626535,0,14
"387",340300,-87.6357909676674,41.8428084725503,0,0
"388",350400,-87.6283694908903,41.8419290514721,0,0
"389",750500,-87.671233286522,41.6846159200159,0,3
"390",750400,-87.6850710520905,41.6856566468328,0,0
"391",750200,-87.6714251159441,41.6956649679555,0,0
"392",430200,-87.5813482992587,41.769731349821,0,0
"393",660800,-87.6932655572793,41.7736412531648,0,0
"394",660900,-87.6979987304735,41.7681043055697,0,2
"395",670200,-87.6620626455975,41.7904247310258,0,0
"396",670300,-87.6669166899339,41.7903575846216,0,0
"397",222600,-87.7044797150201,41.9156387600843,0,0
"398",230400,-87.7215396855507,41.9118319772859,0,0
"399",170400,-87.8127106840398,41.9489080842784,0,0
"400",380700,-87.6237679778302,41.813806021946,0,0
"401",381900,-87.6138884829776,41.8039556744734,0,0
"402",390200,-87.5994765287982,41.8130409876209,0,0
"403",171000,-87.7965237586247,41.9418072006747,0,0
"404",180100,-87.798673101362,41.9344788960524,0,0
"405",390300,-87.6042089013278,41.8132005641701,0,0
"406",390700,-87.5825418895774,41.8063785856095,0,0
"407",400300,-87.6131833243215,41.793103919871,0,0
"408",400400,-87.6183210524325,41.7911261406969,0,0
"409",400500,-87.6231791399103,41.791041401876,0,0
"410",400800,-87.6205580031415,41.782863331828,0,0
"411",410100,-87.5793227088071,41.8014969311448,0,1
"412",440300,-87.6195319491728,41.7437378827094,0,0
"413",440700,-87.609629360024,41.7347514260168,0,0
"414",430800,-87.5712982628807,41.7607500252836,0,0
"415",671800,-87.6564480742766,41.7614009724259,0,0
"416",680500,-87.6523524361078,41.790563931166,0,0
"417",681100,-87.6493595595393,41.768766499512,0,0
"418",200100,-87.7376041590068,41.9350480906287,0,0
"419",410200,-87.5942678019555,41.80166753481,0,0
"420",680600,-87.6521652429465,41.7832810820229,0,0
"421",170600,-87.8307017429751,41.9412942067652,0,0
"422",380500,-87.6277942426122,41.8200987997132,0,0
"423",381700,-87.6274462773946,41.8055501820564,0,0
"424",430300,-87.5893535734259,41.7696911012697,0,0
"425",430700,-87.5592324235169,41.7651433557479,0,1
"426",430900,-87.5811851433612,41.7606409809456,0,0
"427",431200,-87.5711843396151,41.7553010947429,0,0
"428",431400,-87.5472254282034,41.7596850476217,0,1
"429",230800,-87.7149562714133,41.9058650529542,0,0
"430",231100,-87.7150683656662,41.8992541877146,0,0
"431",170900,-87.8116057425692,41.9361958639347,0,0
"432",210100,-87.7013309166497,41.9428680979551,0,1
"433",420200,-87.5935159671194,41.783458208616,0,1
"434",420300,-87.5986970141638,41.783224063933,0,1
"435",440600,-87.6191603141967,41.7326908897744,0,0
"436",440800,-87.6033280831809,41.7317121873226,0,0
"437",440900,-87.6090057410885,41.7286689903374,0,0
"438",560400,-87.7405767874773,41.8040084779921,0,0
"439",450300,-87.5790891524664,41.7419437756727,0,0
"440",671900,-87.6612802421251,41.7613255885281,0,0
"441",672000,-87.6711284583623,41.7611985721561,0,0
"442",680900,-87.6376321418927,41.7764281528306,0,3
"443",681000,-87.6495526261993,41.77603942817,0,1
"444",240200,-87.6701816163643,41.9124416642027,0,0
"445",240300,-87.6750712896321,41.9123661816787,0,1
"446",200200,-87.7356282396363,41.9278522567261,0,0
"447",410500,-87.603746412001,41.7978272295206,0,0
"448",410600,-87.5989451377763,41.7979709864388,0,0
"449",170100,-87.7948167715186,41.9558595755862,0,3
"450",170200,-87.7815187805755,41.9493527969656,0,0
"451",170300,-87.7968278303218,41.9491248140652,0,0
"452",381800,-87.6211977612952,41.8038481386602,0,0
"453",170500,-87.8288957090042,41.950077935202,0,0
"454",351400,-87.6240890377803,41.8274004278416,0,0
"455",381200,-87.6139991807751,41.8085114182044,0,0
"456",381400,-87.6214297583097,41.8076202207485,0,0
"457",390100,-87.5906303197771,41.813843397528,0,0
"458",430400,-87.5903214718518,41.7621776662092,0,0
"459",430500,-87.5812736048252,41.7642841777108,0,0
"460",430600,-87.5713747612756,41.7643854657646,0,0
"461",230700,-87.7215398852289,41.9063399902655,0,0
"462",230900,-87.7103553319898,41.9067176918526,0,0
"463",231200,-87.7213153419922,41.8990613655701,0,0
"464",170700,-87.8221641535388,41.9414866613582,0,0
"465",170800,-87.8123712736574,41.9415761428146,0,0
"466",171100,-87.7812865027555,41.9420527871724,0,0
"467",190100,-87.7443888690351,41.9352175773619,0,0
"468",242200,-87.6747187624131,41.8995893073254,0,0
"469",200300,-87.7341263817817,41.9234806177207,0,0
"470",210400,-87.7302980803845,41.9357580914107,0,0
"471",220300,-87.6950863371495,41.928464623701,0,1
"472",210700,-87.7038400722317,41.9357028497973,0,0
"473",210800,-87.6989333507408,41.935745496538,0,0
"474",210900,-87.6933365954551,41.9354390467254,0,0
"475",420100,-87.5774016248313,41.78341668817,0,0
"476",420400,-87.6035583604671,41.7831698679879,0,1
"477",420500,-87.6084261249865,41.7831002242535,0,0
"478",691300,-87.6198471525206,41.7546810594049,0,0
"479",31700,-87.6631954275128,41.9654465714797,1,0
"480",470100,-87.5964895574837,41.7282206930819,0,0
"481",480100,-87.575602717123,41.7352479890558,0,0
"482",691000,-87.6200151088917,41.7619653933153,0,0
"483",242300,-87.6796003334773,41.8995064859135,0,0
"484",411100,-87.5897020924714,41.7904493838519,0,0
"485",460400,-87.5636922175599,41.7444902929335,0,0
"486",681200,-87.6384976288227,41.7691892995974,0,0
"487",690500,-87.6121085024496,41.7681656390944,0,0
"488",241400,-87.6753101751194,41.9060233787116,0,0
"489",241500,-87.6709374310184,41.9083759263359,0,0
"490",241600,-87.6653277197276,41.9067096570299,0,0
"491",242000,-87.6649536512482,41.8997370877431,0,0
"492",243300,-87.6647387842272,41.8924781100194,0,0
"493",491200,-87.6374382693719,41.6887764589762,0,0
"494",480300,-87.5879724873725,41.7291941819826,0,0
"495",710800,-87.6488125959998,41.7478366449995,0,0
"496",711300,-87.6672855388165,41.7335044229494,0,0
"497",10202,-87.673321608605,42.0160502893219,1,1
"498",480200,-87.5898841092586,41.7351237376826,0,0
"499",480400,-87.5756385135737,41.7284497565025,0,1
"500",480500,-87.5590498564412,41.7275502871154,0,0
"501",241200,-87.6846857699937,41.9067070300042,0,0
"502",691100,-87.6298721129421,41.7617134883659,0,0
"503",691200,-87.6321805963205,41.7544389196802,0,0
"504",691400,-87.6101685224231,41.7548454540269,0,1
"505",51200,-87.675951801192,41.9414211227555,1,0
"506",691500,-87.6002985870836,41.7550429812438,0,0
"507",700100,-87.6953090806574,41.7535934700303,0,0
"508",410700,-87.5941982490424,41.7980399320954,0,0
"509",410800,-87.5896243683922,41.7979587980344,0,0
"510",410900,-87.5766593555839,41.7978746471428,0,1
"511",411000,-87.5768732661959,41.7907158511651,0,0
"512",411200,-87.5940172198572,41.7905556523838,0,0
"513",530600,-87.6189952324885,41.6703907670709,0,0
"514",460100,-87.5357424723065,41.7461561912366,0,1
"515",460200,-87.5470110585647,41.741386790922,0,0
"516",460500,-87.5726040266226,41.7468818390229,0,0
"517",460600,-87.5595142279743,41.7356326670145,0,0
"518",460700,-87.5492813310168,41.7355800799246,0,0
"519",241300,-87.6810250126309,41.9067715324136,0,0
"520",461000,-87.5465278551973,41.7274053113546,0,1
"521",681300,-87.6398621959304,41.7611733265543,0,0
"522",681400,-87.6491926453126,41.7615308018652,0,0
"523",60100,-87.6666112101614,41.9575310702136,1,0
"524",690300,-87.6290140632974,41.7686690114481,0,0
"525",690400,-87.6202083580875,41.7692584994654,0,0
"526",690900,-87.6103448056245,41.762142336526,0,0
"527",60200,-87.6715174650355,41.9579036343391,1,0
"528",242100,-87.6698374664961,41.8996698360933,0,0
"529",243100,-87.6745067505203,41.8923546036547,0,0
"530",243200,-87.6696237740193,41.8924327140705,0,0
"531",611600,-87.6767426508338,41.7975955013914,0,0
"532",243400,-87.6598478542818,41.8925576541066,0,1
"533",243500,-87.652517246602,41.892653581843,0,0
"534",711100,-87.6583001536082,41.7395016022829,0,0
"535",250200,-87.7510729730938,41.9123508408539,0,0
"536",491000,-87.6280505648676,41.6997585301814,0,2
"537",491100,-87.6376956450105,41.6997569239834,0,0
"538",710100,-87.6419713124944,41.7533917632785,0,0
"539",510100,-87.549863199866,41.7131173950287,0,0
"540",510200,-87.5600412798214,41.7142530454309,0,0
"541",710300,-87.6611056969399,41.7540484536109,0,0
"542",520200,-87.5397941197958,41.713801132743,0,0
"543",710900,-87.6396898530766,41.7421466732395,0,0
"544",711000,-87.6485810666234,41.7396436226455,0,0
"545",711200,-87.6698252184734,41.7405560925885,0,0
"546",711400,-87.6521234854288,41.7336571881259,0,0
"547",81402,-87.6089209266396,41.892975000442,1,4
"548",710600,-87.6609433584736,41.7476600371078,0,0
"549",61902,-87.6357067108189,41.944927978024,1,0
"550",30200,-87.6652300106637,41.9944414343312,1,2
"551",30300,-87.6725347890898,41.9943874869164,1,1
"552",30400,-87.6720788104821,41.9869515275765,1,1
"553",30500,-87.664935870742,41.9872259875799,1,0
"554",30800,-87.6641880360207,41.979912284551,1,0
"555",242400,-87.6844900043337,41.8994218897482,0,0
"556",242500,-87.6893190996704,41.8994454703259,0,0
"557",242600,-87.6941970052165,41.9005600121772,0,0
"558",242700,-87.6993742501894,41.8974253856614,0,0
"559",242800,-87.6903236871842,41.8926320023432,0,0
"560",242900,-87.6842896326331,41.8921954764948,0,0
"561",243000,-87.6793981389053,41.892275318636,0,0
"562",220400,-87.6999683618379,41.9284314573771,0,1
"563",220500,-87.7049110526687,41.928396541362,0,0
"564",31800,-87.6706209274865,41.967011428558,1,0
"565",221000,-87.7152525532945,41.9209603647723,0,0
"566",810400,-87.8294381496572,41.9875741382368,0,0
"567",31900,-87.6701840534476,41.9633740142345,1,0
"568",520500,-87.5308704615984,41.693116625976,0,0
"569",720500,-87.6891010884882,41.7028353101094,0,0
"570",490300,-87.6191477031954,41.7253815555303,0,0
"571",490400,-87.610823691884,41.7236538676075,0,0
"572",350100,-87.6084202455134,41.8417494551203,0,0
"573",351100,-87.6141997712212,41.8277468336747,0,7
"574",251200,-87.760603958758,41.8985490617563,0,0
"575",570100,-87.7189132230374,41.8162002921153,0,0
"576",30900,-87.6714454412117,41.9797950929387,1,0
"577",250600,-87.7706303086978,41.9056934520698,0,0
"578",560100,-87.7412502666614,41.8153658312173,0,0
"579",32100,-87.6530178887819,41.9581538287547,1,0
"580",490500,-87.6132067487759,41.7179275679196,0,0
"581",490600,-87.6283323616814,41.7179513534852,0,0
"582",490700,-87.6283647835122,41.7107318830138,0,0
"583",490800,-87.6153371267558,41.7106828151496,0,0
"584",700200,-87.7238224913277,41.7529904096115,0,0
"585",710200,-87.6514276753373,41.7551121550497,0,0
"586",710400,-87.670932449016,41.7539186322683,0,0
"587",710500,-87.6707872940473,41.7475316046041,0,1
"588",710700,-87.6568840069532,41.7471100027173,0,0
"589",251000,-87.7448924493222,41.8986944651526,0,0
"590",280400,-87.6718844892677,41.8860096455872,0,4
"591",320100,-87.6209322467984,41.8850464773621,0,7
"592",580800,-87.6866438569709,41.8102195051126,0,0
"593",351000,-87.6059744463613,41.8347836834895,0,0
"594",360200,-87.6099051526052,41.8268756923875,0,13
"595",380100,-87.6101004951304,41.820196742416,0,0
"596",231500,-87.7186559124164,41.891731834747,0,0
"597",251100,-87.7520111677168,41.8986247700315,0,0
"598",550200,-87.5640100317284,41.653429301667,0,0
"599",560800,-87.7721659359064,41.796205610414,0,0
"600",560900,-87.791651412688,41.7957701371978,0,0
"601",500300,-87.6053697673009,41.6893150350944,0,0
"602",561000,-87.7915032715445,41.7885021487846,0,0
"603",561100,-87.7719098609886,41.788869827318,0,0
"604",570200,-87.730714595591,41.8143801901256,0,1
"605",730400,-87.6526425598768,41.7178212632869,0,0
"606",730500,-87.6381385812967,41.7142492932329,0,0
"607",730600,-87.6504856742261,41.7106003375118,0,0
"608",730700,-87.6500792519453,41.7030817028425,0,0
"609",250300,-87.7608384228074,41.912839100231,0,1
"610",250400,-87.7753955669131,41.9129078448771,0,1
"611",250500,-87.7967953443484,41.9146186241189,0,0
"612",250700,-87.7608100389182,41.9058212447686,0,0
"613",250800,-87.7514676832649,41.9061817445266,0,0
"614",520300,-87.5395571733823,41.7011231904125,0,0
"615",520600,-87.5404038409624,41.6895293433372,0,0
"616",560200,-87.7477804828285,41.8113395997146,0,0
"617",560300,-87.7479493530886,41.8039071165276,0,0
"618",560700,-87.7575201908014,41.796462612426,0,0
"619",711500,-87.6386881399956,41.7324406240599,0,0
"620",720600,-87.6772069784385,41.7027764054796,0,0
"621",31000,-87.671109359385,41.9724370101906,1,0
"622",580300,-87.7089339926177,41.825187582184,0,1
"623",50500,-87.6835072764068,41.9504473978505,1,0
"624",50800,-87.6809279429558,41.9450094683144,1,0
"625",51000,-87.6857317170282,41.941302430618,1,0
"626",51400,-87.6809904885839,41.9357489198008,1,0
"627",81900,-87.6414913752416,41.897983188798,1,0
"628",252000,-87.769873411044,41.8836935238074,0,1
"629",260300,-87.7331353319645,41.8842757687877,0,0
"630",40300,-87.7019747563988,41.9768011372985,1,0
"631",40800,-87.6923033994547,41.9631627495269,1,1
"632",50100,-87.6763729824139,41.9578450671004,1,0
"633",50200,-87.6837167758633,41.9577405302994,1,0
"634",50300,-87.6915185578546,41.9576780418683,1,0
"635",380200,-87.6149860755178,41.8205739525438,0,0
"636",600400,-87.6439321213475,41.8417183504894,0,0
"637",81500,-87.626230030963,41.8925590391809,1,4
"638",720100,-87.6747270284519,41.7275942452807,0,1
"639",720200,-87.6660501534913,41.7130244644335,0,0
"640",720300,-87.6771451378847,41.7139024992144,0,0
"641",720700,-87.6651388197453,41.7031071195682,0,0
"642",730100,-87.6384256207285,41.7251770741927,0,0
"643",730300,-87.6645651072153,41.7274627386701,0,0
"644",31100,-87.6638662121122,41.9726684077406,1,0
"645",31200,-87.657341013711,41.9727091822581,1,0
"646",31300,-87.6467852997808,41.972909645836,1,1
"647",31400,-87.6405209558257,41.9625702301942,1,1
"648",570500,-87.7324552818224,41.7986015016716,0,0
"649",580100,-87.6907450373528,41.8280541206346,0,0
"650",580200,-87.6993477652479,41.8267717970309,0,0
"651",60300,-87.671331657775,41.950606054722,1,0
"652",580400,-87.7091844481928,41.8152752537948,0,0
"653",580600,-87.6920314408054,41.8173978044009,0,0
"654",530300,-87.6517524174877,41.6813143530086,0,1
"655",51300,-87.6758404151229,41.9359958097398,1,0
"656",500100,-87.5950236637053,41.7146839633522,0,0
"657",50600,-87.6761813096965,41.9505466272556,1,1
"658",50700,-87.6760594930528,41.9450710245038,1,0
"659",50900,-87.6857780029951,41.944946551079,1,0
"660",51100,-87.6808266391891,41.9413651696417,1,1
"661",81800,-87.6377954780885,41.8932553977691,1,8
"662",90100,-87.8135847106786,42.0152551316393,1,0
"663",90200,-87.8132237768264,42.0055983331912,1,0
"664",90300,-87.8166187400215,41.9992223854133,1,0
"665",100100,-87.7830335186679,41.9895803671158,0,0
"666",260200,-87.7282293271715,41.8843251189434,0,1
"667",100200,-87.7942458287446,41.9956163242491,0,0
"668",260100,-87.7233344746301,41.88435933734,0,0
"669",62400,-87.666288164171,41.9415555510289,1,1
"670",491300,-87.6278035861125,41.6888968674842,0,0
"671",720400,-87.6866686410655,41.7099918283199,0,0
"672",530400,-87.6515267049013,41.6740396727881,0,1
"673",63400,-87.6467302331026,41.9346595306567,1,0
"674",750600,-87.65204933973,41.6886312167523,0,0
"675",40100,-87.6819933624141,41.9833304593644,1,0
"676",40600,-87.684018050881,41.9668337804646,1,0
"677",40700,-87.6940852807134,41.9668056673878,1,0
"678",40900,-87.6838544296023,41.9631846751335,1,0
"679",980000,-87.9038931212472,41.9802644014805,0,6
"680",81600,-87.6288737240327,41.892106288499,1,3
"681",81700,-87.6318681407449,41.8920667825704,1,7
"682",251300,-87.7703849277679,41.8984250685547,0,0
"683",251400,-87.7701295745967,41.890998143907,0,1
"684",251500,-87.7603455218253,41.8911116587921,0,0
"685",251900,-87.7601039553063,41.8838195114302,0,1
"686",260700,-87.7279957583319,41.8770563777958,0,0
"687",600900,-87.6531588220081,41.8365100695293,0,1
"688",611200,-87.6624413674423,41.8049939257464,0,0
"689",62800,-87.6612647934204,41.9361586473119,1,0
"690",62900,-87.656411257313,41.9362369850433,1,0
"691",63000,-87.6515617334452,41.936310246061,1,0
"692",63100,-87.6467798825661,41.9382319313877,1,0
"693",63200,-87.6346427677085,41.9391655406072,1,0
"694",110200,-87.7734441752006,41.9800698991959,0,0
"695",251600,-87.7518037202315,41.8914064591499,0,0
"696",251700,-87.7444792692219,41.891384348718,0,0
"697",251800,-87.7478885140365,41.8841436216373,0,0
"698",570300,-87.7307909111613,41.8041448651696,0,0
"699",570400,-87.7191304515129,41.804992081286,0,0
"700",100600,-87.7973996099624,41.9792044608679,0,0
"701",62200,-87.6566439884543,41.9425846518525,1,0
"702",100700,-87.7976295304312,41.9721235347636,0,0
"703",261000,-87.732009357885,41.8713378715229,0,0
"704",62600,-87.6709842780505,41.9359751348821,1,0
"705",110100,-87.7696943471535,41.9874832207195,0,0
"706",260900,-87.7228141471077,41.8710297149563,0,0
"707",270500,-87.7177928328126,41.8762322854596,0,0
"708",520100,-87.5304963157192,41.7203311028578,0,0
"709",611400,-87.6721636142784,41.8048900342774,0,0
"710",610300,-87.6751020756701,41.8161776637342,0,3
"711",610800,-87.638408396113,41.8127078209382,0,0
"712",611000,-87.6499381156377,41.804771360544,0,0
"713",62700,-87.6661103184913,41.9360862242946,1,0
"714",120300,-87.7400665745016,41.9911135124989,0,0
"715",271800,-87.698489661537,41.8714963883772,0,0
"716",520400,-87.5307269136744,41.7029904192686,0,0
"717",260500,-87.7377282134989,41.8766639066319,0,0
"718",260600,-87.7328666444077,41.8771077365525,0,0
"719",580700,-87.6868469984774,41.8174880550179,0,0
"720",61200,-87.6616426943862,41.9490599063042,1,0
"721",590500,-87.6799065146744,41.8266632206442,0,0
"722",590600,-87.6729254485883,41.8268328400525,0,0
"723",590700,-87.6638517820744,41.8267821176695,0,0
"724",600600,-87.6554676853672,41.8422594455002,0,0
"725",600700,-87.6606293090066,41.8406926469461,0,0
"726",60400,-87.6665364304774,41.9506731542591,1,1
"727",60500,-87.6605007521168,41.9527200055154,1,0
"728",60900,-87.6404713584765,41.9506904327638,1,0
"729",61000,-87.6519702880011,41.9492205644594,1,3
"730",62000,-87.6470785661991,41.9425768542976,1,0
"731",62100,-87.6517703724811,41.9426914418185,1,0
"732",260400,-87.7380411255999,41.8842145248283,0,0
"733",260800,-87.7230963751872,41.8770847806574,0,0
"734",630800,-87.6985724505354,41.7899652039564,0,0
"735",100300,-87.8044053551404,41.988702923583,0,0
"736",100400,-87.8180417746742,41.9889674426354,0,0
"737",100500,-87.8197323359343,41.9780601023088,0,0
"738",283100,-87.6640457679169,41.8692735753473,0,0
"739",271200,-87.7035621491313,41.8773596835866,0,0
"740",610400,-87.6674491250625,41.8103984471784,0,0
"741",611100,-87.6575817273164,41.8050589471049,0,0
"742",611300,-87.667303854775,41.8049362144808,0,0
"743",62300,-87.6614431697405,41.9416277683622,1,0
"744",62500,-87.6711072515768,41.941488017612,1,0
"745",70700,-87.673802219334,41.9292624266179,1,0
"746",71100,-87.6510614114141,41.9217777351472,1,0
"747",71300,-87.6414577555614,41.9217793724569,1,0
"748",140200,-87.7130042824542,41.9706948992549,0,2
"749",70600,-87.6656766144088,41.9287627201618,1,1
"750",120400,-87.7521623065301,41.9772355514316,0,0
"751",130100,-87.720808929165,41.9911040396969,0,0
"752",130200,-87.7360665973434,41.9808507592349,0,0
"753",140100,-87.7057941354063,41.9710844200483,0,0
"754",283200,-87.6591990475348,41.869572562502,0,0
"755",140400,-87.7389429387613,41.9715370786612,0,0
"756",292400,-87.7223991095945,41.8552398378194,0,0
"757",282700,-87.6886812077962,41.8713667992239,0,0
"758",292500,-87.732242939401,41.855161083354,0,0
"759",300600,-87.7173343151787,41.8479904453448,0,0
"760",300700,-87.7124504024134,41.8480720296543,0,0
"761",282800,-87.6849136063689,41.8702682018613,0,0
"762",283800,-87.6537546895941,41.8634140996904,0,1
"763",290900,-87.7324566927063,41.8624103248657,0,1
"764",291600,-87.6922158594976,41.8576415047944,0,0
"765",630200,-87.6940452930871,41.8027453803991,0,0
"766",271300,-87.7084527890827,41.8773039706987,0,0
"767",280900,-87.6851281515466,41.878630904317,0,0
"768",611700,-87.6719761900707,41.7975991180114,0,0
"769",612100,-87.6476807252115,41.7979127131934,0,0
"770",70300,-87.6513102455879,41.9290462500521,1,0
"771",300500,-87.7219392958338,41.8474250898742,0,1
"772",291200,-87.7128745832708,41.8626611378221,0,0
"773",620300,-87.7304437828052,41.7895025208333,0,0
"774",620400,-87.7181681605055,41.7896381744746,0,0
"775",630100,-87.6816687761463,41.7992713463995,0,0
"776",630300,-87.708637831849,41.7988619648748,0,2
"777",630400,-87.6987811014693,41.7972544888769,0,0
"778",630500,-87.6890165204778,41.7974273989255,0,0
"779",110300,-87.7832348549326,41.975290667387,0,0
"780",110400,-87.7726108086189,41.9729531640873,0,0
"781",280100,-87.6428042434994,41.8852962161255,0,4
"782",120100,-87.7750065339558,42.001981717857,0,0
"783",280800,-87.6889008788312,41.8785967688804,0,0
"784",120200,-87.7576148315822,41.9945289125598,0,1
"785",271400,-87.713331368466,41.8772428677655,0,0
"786",71000,-87.6559114088558,41.9217011146673,1,1
"787",281900,-87.6426236294222,41.8792479477956,0,3
"788",550100,-87.5353302539883,41.6650307809208,0,0
"789",71200,-87.6462106415103,41.9218547154492,1,0
"790",611500,-87.6786552186487,41.8054482827147,0,0
"791",611800,-87.6671137747656,41.7976477281058,0,0
"792",611900,-87.6598226390565,41.7977430488177,0,0
"793",612000,-87.6525358892124,41.7978466432618,0,0
"794",620100,-87.7180256626508,41.7980175428418,0,0
"795",620200,-87.7292338330377,41.795521455942,0,0
"796",70200,-87.646292980962,41.929077750819,1,0
"797",70400,-87.6561562630993,41.928967197281,1,0
"798",70500,-87.6608922110254,41.9289454668988,1,1
"799",130300,-87.7133914563315,41.9865589452366,0,0
"800",292200,-87.7157067985214,41.8566517815467,0,0
"801",630900,-87.7083654942663,41.789811430895,0,0
